SalesOrderItemsID,PRODUCTID,SalesOrderID,GROSSAMOUNT,QUANTITY
1,MB-1034,500000000,2499,4
2,CB-1161,500000000,399,9
3,HB-1175,500000001,899,2
4,RC-1056,500000001,2499,2
5,CC-1021,500000001,1144,3
6,CB-1161,500000001,399,6
7,HB-1175,500000002,899,6
8,RC-1055,500000002,1999,3
9,DB-1081,500000002,1499,3
10,EB-1133,500000002,2250,10
11,BX-1015,500000002,299,9
12,CC-1021,500000002,1144,4
13,RC-1056,500000003,2499,3
14,BX-1013,500000003,449,2
15,RC-1056,500000003,2499,5
16,CB-1161,500000003,399,1
17,EB-1131,500000003,1500,10
18,MB-1034,500000003,2499,3
19,DB-1082,500000003,1250,8
20,EB-1134,500000003,4800,10
21,BX-1014,500000004,799,3
22,EB-1134,500000004,4800,2
23,CB-1163,500000004,288,8
24,BX-1013,500000004,449,6
25,MB-1034,500000004,2499,10
26,MB-1031,500000004,649,2
27,RC-1051,500000004,2499,10
28,HB-1174,500000004,379,9
29,RC-1054,500000005,5499,10
30,CC-1021,500000005,1144,3
31,RC-1052,500000005,3999,9
32,BX-1011,500000005,249,10
33,HB-1175,500000005,899,2
34,RO-1002,500000005,689,8
35,EB-1137,500000006,7900,5
36,CB-1163,500000006,288,8
37,EB-1134,500000006,4800,7
38,HB-1176,500000006,1199,3
39,RC-1052,500000006,3999,6
40,EB-1135,500000006,3000,9
41,RC-1054,500000006,5499,8
42,HB-1171,500000007,699,2
43,EB-1137,500000008,7900,10
44,CC-1022,500000008,1200,6
45,CC-1023,500000008,1361,10
46,RC-1052,500000008,3999,7
47,BX-1014,500000009,799,9
48,EB-1131,500000009,1500,3
49,EB-1135,500000009,3000,7
50,CC-1021,500000009,1144,1
51,EB-1135,500000009,3000,6
52,BX-1013,500000009,449,10
53,DB-1081,500000009,1499,10
54,CB-1161,500000009,399,8
55,HB-1171,500000009,699,4
56,HB-1175,500000009,899,2
57,RO-1002,500000010,689,10
58,CC-1021,500000010,1144,3
59,MB-1032,500000011,1299,8
60,RO-1001,500000011,525,3
61,MB-1031,500000011,649,5
62,BX-1016,500000011,319,1
63,EB-1132,500000011,1900,1
64,EB-1135,500000011,3000,9
65,RC-1054,500000011,5499,10
66,HB-1176,500000012,1199,9
67,CB-1161,500000012,399,2
68,BX-1013,500000012,449,9
69,RO-1001,500000013,525,3
70,BX-1015,500000013,299,7
71,RC-1055,500000013,1999,8
72,RO-1001,500000013,525,5
73,CC-1023,500000013,1361,3
74,EB-1133,500000013,2250,8
75,CC-1022,500000013,1200,9
76,RC-1051,500000013,2499,6
77,CB-1161,500000014,399,3
78,DB-1082,500000014,1250,4
79,DB-1081,500000014,1499,10
80,BX-1011,500000014,249,3
81,CC-1022,500000014,1200,7
82,CB-1162,500000014,400,6
83,DB-1083,500000015,1199,2
84,CB-1162,500000015,400,7
85,MB-1033,500000015,3999,4
86,RC-1052,500000016,3999,4
87,BX-1012,500000016,399,1
88,RC-1052,500000016,3999,4
89,EB-1133,500000016,2250,2
90,EB-1132,500000016,1900,2
91,RC-1057,500000017,4999,1
92,DB-1083,500000017,1199,4
93,RC-1053,500000017,4599,1
94,DB-1081,500000017,1499,7
95,BX-1011,500000017,249,1
96,EB-1132,500000017,1900,1
97,RO-1001,500000017,525,8
98,RC-1054,500000017,5499,8
99,BX-1016,500000018,319,9
100,DB-1082,500000019,1250,10
101,RO-1001,500000019,525,5
102,DB-1083,500000019,1199,10
103,CB-1162,500000019,400,1
104,CC-1023,500000020,1361,8
105,EB-1136,500000020,5000,3
106,MB-1033,500000020,3999,8
107,HB-1174,500000021,379,1
108,EB-1132,500000022,1900,3
109,DB-1082,500000022,1250,1
110,CB-1163,500000023,288,5
111,HB-1176,500000023,1199,8
112,RC-1053,500000023,4599,6
113,DB-1083,500000023,1199,10
114,EB-1132,500000023,1900,8
115,RC-1051,500000023,2499,8
116,HB-1172,500000024,799,2
117,CC-1023,500000024,1361,10
118,BX-1013,500000024,449,5
119,CC-1021,500000024,1144,4
120,RC-1056,500000024,2499,5
121,EB-1135,500000024,3000,2
122,CC-1023,500000024,1361,10
123,CC-1022,500000024,1200,9
124,CC-1023,500000024,1361,4
125,MB-1034,500000024,2499,10
126,RC-1056,500000025,2499,10
127,HB-1173,500000025,649,8
128,RO-1003,500000025,721,5
129,BX-1013,500000025,449,4
130,MB-1034,500000025,2499,8
131,DB-1081,500000026,1499,2
132,DB-1083,500000026,1199,6
133,BX-1013,500000026,449,10
134,HB-1175,500000026,899,2
135,BX-1011,500000026,249,6
136,RC-1056,500000026,2499,8
137,EB-1136,500000026,5000,8
138,HB-1175,500000026,899,6
139,CC-1023,500000026,1361,1
140,CB-1161,500000026,399,3
141,HB-1171,500000027,699,7
142,RC-1052,500000027,3999,8
143,RC-1055,500000027,1999,2
144,HB-1171,500000027,699,7
145,CB-1163,500000027,288,7
146,BX-1014,500000027,799,1
147,CB-1161,500000027,399,8
148,EB-1133,500000027,2250,4
149,EB-1132,500000027,1900,4
150,RC-1052,500000027,3999,9
151,EB-1136,500000028,5000,7
152,MB-1033,500000028,3999,5
153,CC-1023,500000028,1361,8
154,RO-1003,500000028,721,7
155,HB-1172,500000029,799,1
156,BX-1014,500000029,799,9
157,RC-1054,500000029,5499,6
158,BX-1013,500000029,449,2
159,EB-1132,500000029,1900,10
160,EB-1133,500000029,2250,7
161,RO-1001,500000029,525,2
162,HB-1172,500000029,799,9
163,CC-1022,500000029,1200,9
164,HB-1173,500000030,649,8
165,EB-1134,500000030,4800,9
166,BX-1013,500000030,449,4
167,RO-1003,500000030,721,9
168,HB-1173,500000030,649,8
169,HB-1174,500000030,379,7
170,DB-1082,500000030,1250,2
171,EB-1133,500000030,2250,4
172,CC-1021,500000031,1144,2
173,CB-1163,500000031,288,2
174,RC-1053,500000031,4599,8
175,BX-1012,500000031,399,5
176,RO-1003,500000031,721,5
177,DB-1083,500000031,1199,3
178,HB-1171,500000031,699,1
179,HB-1174,500000032,379,5
180,RO-1002,500000032,689,8
181,EB-1134,500000032,4800,3
182,CB-1163,500000032,288,3
183,RC-1056,500000032,2499,8
184,BX-1012,500000032,399,8
185,EB-1132,500000032,1900,6
186,MB-1033,500000033,3999,5
187,EB-1131,500000033,1500,4
188,HB-1176,500000033,1199,6
189,RC-1052,500000033,3999,10
190,BX-1015,500000034,299,1
191,DB-1082,500000034,1250,1
192,RC-1052,500000034,3999,4
193,HB-1175,500000034,899,8
194,CC-1022,500000034,1200,5
195,EB-1137,500000035,7900,1
196,EB-1132,500000035,1900,1
197,EB-1134,500000035,4800,7
198,RC-1056,500000035,2499,3
199,HB-1172,500000036,799,7
200,EB-1137,500000036,7900,5
201,CB-1163,500000036,288,5
202,RC-1057,500000036,4999,6
203,CB-1162,500000036,400,1
204,EB-1136,500000036,5000,3
205,HB-1171,500000036,699,6
206,BX-1016,500000036,319,2
207,BX-1015,500000037,299,7
208,DB-1081,500000037,1499,2
209,BX-1016,500000037,319,3
210,EB-1132,500000038,1900,7
211,EB-1136,500000038,5000,6
212,BX-1013,500000038,449,7
213,RC-1054,500000039,5499,2
214,EB-1133,500000039,2250,1
215,EB-1135,500000040,3000,9
216,CB-1163,500000040,288,5
217,EB-1134,500000040,4800,3
218,CB-1161,500000040,399,2
219,BX-1014,500000041,799,4
220,BX-1016,500000041,319,10
221,CB-1161,500000041,399,7
222,DB-1082,500000041,1250,3
223,BX-1015,500000041,299,9
224,EB-1136,500000041,5000,1
225,BX-1015,500000041,299,4
226,HB-1174,500000041,379,4
227,RO-1003,500000041,721,8
228,BX-1013,500000042,449,5
229,DB-1081,500000042,1499,6
230,DB-1081,500000042,1499,4
231,EB-1132,500000042,1900,4
232,CB-1161,500000042,399,2
233,HB-1173,500000042,649,9
234,EB-1135,500000043,3000,8
235,HB-1176,500000043,1199,1
236,EB-1131,500000043,1500,4
237,CB-1161,500000043,399,9
238,RO-1002,500000043,689,1
239,BX-1016,500000044,319,1
240,BX-1011,500000044,249,2
241,BX-1013,500000044,449,1
242,EB-1135,500000045,3000,3
243,BX-1014,500000046,799,3
244,CB-1163,500000046,288,6
245,RC-1054,500000046,5499,9
246,BX-1012,500000046,399,10
247,EB-1135,500000046,3000,4
248,RC-1055,500000046,1999,10
249,HB-1174,500000046,379,6
250,CB-1161,500000046,399,7
251,BX-1013,500000046,449,2
252,CC-1021,500000047,1144,2
253,DB-1081,500000048,1499,10
254,RO-1003,500000048,721,7
255,CB-1163,500000048,288,6
256,RC-1055,500000048,1999,8
257,DB-1083,500000048,1199,5
258,BX-1011,500000048,249,1
259,MB-1032,500000048,1299,8
260,CC-1021,500000048,1144,5
261,CB-1161,500000049,399,8
262,BX-1011,500000049,249,1
263,HB-1172,500000049,799,9
264,BX-1011,500000049,249,3
265,DB-1081,500000049,1499,8
266,RC-1057,500000049,4999,5
267,DB-1081,500000049,1499,10
268,BX-1015,500000049,299,6
269,BX-1011,500000049,249,2
270,RC-1057,500000049,4999,2
271,DB-1083,500000050,1199,4
272,CB-1161,500000050,399,8
273,EB-1134,500000050,4800,8
274,EB-1136,500000050,5000,2
275,BX-1011,500000051,249,8
276,DB-1083,500000051,1199,5
277,RC-1055,500000051,1999,7
278,HB-1173,500000052,649,1
279,RC-1051,500000052,2499,6
280,CB-1161,500000053,399,10
281,MB-1032,500000053,1299,6
282,RC-1055,500000053,1999,6
283,CC-1021,500000054,1144,3
284,DB-1081,500000054,1499,5
285,RC-1052,500000054,3999,5
286,HB-1172,500000054,799,4
287,CC-1022,500000054,1200,3
288,BX-1011,500000055,249,3
289,RC-1052,500000055,3999,3
290,RC-1052,500000055,3999,1
291,RC-1051,500000055,2499,2
292,RC-1053,500000055,4599,10
293,RO-1003,500000055,721,4
294,EB-1135,500000056,3000,4
295,EB-1134,500000056,4800,8
296,EB-1134,500000056,4800,4
297,CB-1161,500000056,399,1
298,EB-1134,500000056,4800,5
299,CB-1163,500000056,288,7
300,RO-1002,500000056,689,3
301,RO-1002,500000057,689,2
302,HB-1171,500000057,699,4
303,HB-1175,500000057,899,2
304,CB-1163,500000057,288,5
305,HB-1174,500000057,379,9
306,EB-1131,500000057,1500,7
307,HB-1176,500000057,1199,2
308,CC-1021,500000057,1144,5
309,MB-1033,500000058,3999,3
310,CB-1163,500000058,288,6
311,CB-1163,500000058,288,8
312,EB-1133,500000058,2250,9
313,HB-1176,500000058,1199,1
314,MB-1033,500000058,3999,4
315,EB-1133,500000058,2250,5
316,RC-1055,500000058,1999,9
317,RO-1001,500000059,525,2
318,RC-1052,500000059,3999,5
319,MB-1031,500000059,649,8
320,HB-1174,500000059,379,8
321,BX-1011,500000059,249,6
322,EB-1136,500000059,5000,4
323,EB-1134,500000060,4800,2
324,EB-1131,500000060,1500,7
325,RC-1055,500000060,1999,5
326,CB-1163,500000060,288,1
327,MB-1031,500000060,649,2
328,BX-1013,500000060,449,10
329,CB-1163,500000060,288,7
330,MB-1032,500000060,1299,4
331,MB-1033,500000060,3999,3
332,EB-1134,500000061,4800,5
333,BX-1015,500000061,299,3
334,CC-1023,500000061,1361,4
335,HB-1172,500000061,799,8
336,HB-1173,500000061,649,5
337,HB-1173,500000061,649,7
338,HB-1175,500000061,899,6
339,CB-1162,500000061,400,3
340,CB-1161,500000061,399,3
341,BX-1014,500000062,799,2
342,MB-1032,500000063,1299,5
343,MB-1033,500000063,3999,7
344,EB-1136,500000063,5000,6
345,HB-1174,500000063,379,10
346,RC-1054,500000063,5499,8
347,CC-1023,500000063,1361,4
348,EB-1137,500000063,7900,5
349,CB-1163,500000064,288,7
350,BX-1012,500000064,399,8
351,EB-1134,500000064,4800,6
352,HB-1173,500000064,649,5
353,RC-1056,500000064,2499,1
354,EB-1136,500000064,5000,7
355,RC-1055,500000064,1999,6
356,CC-1023,500000065,1361,7
357,EB-1131,500000065,1500,8
358,BX-1013,500000065,449,7
359,BX-1013,500000065,449,4
360,RC-1057,500000065,4999,7
361,BX-1016,500000065,319,8
362,HB-1176,500000065,1199,3
363,CC-1023,500000065,1361,9
364,MB-1031,500000066,649,5
365,EB-1135,500000067,3000,8
366,BX-1014,500000067,799,2
367,HB-1172,500000067,799,1
368,RO-1002,500000067,689,6
369,CC-1021,500000068,1144,10
370,EB-1137,500000068,7900,5
371,CC-1023,500000068,1361,6
372,BX-1012,500000068,399,5
373,HB-1176,500000069,1199,10
374,EB-1132,500000069,1900,9
375,HB-1174,500000069,379,10
376,BX-1015,500000069,299,4
377,BX-1015,500000069,299,10
378,HB-1176,500000069,1199,10
379,EB-1133,500000069,2250,5
380,RC-1053,500000070,4599,9
381,HB-1173,500000070,649,3
382,RO-1003,500000070,721,4
383,BX-1012,500000070,399,4
384,HB-1174,500000070,379,10
385,CC-1022,500000071,1200,7
386,HB-1175,500000071,899,6
387,BX-1011,500000071,249,6
388,CB-1161,500000071,399,5
389,HB-1176,500000071,1199,3
390,CB-1161,500000072,399,6
391,EB-1133,500000072,2250,3
392,BX-1013,500000072,449,2
393,EB-1137,500000072,7900,7
394,RC-1057,500000072,4999,8
395,CB-1163,500000072,288,4
396,BX-1015,500000072,299,10
397,BX-1012,500000072,399,7
398,CC-1023,500000072,1361,8
399,EB-1133,500000072,2250,2
400,HB-1175,500000073,899,9
401,EB-1132,500000074,1900,10
402,RC-1051,500000074,2499,2
403,BX-1013,500000074,449,1
404,MB-1033,500000074,3999,3
405,HB-1173,500000074,649,2
406,HB-1173,500000074,649,3
407,RC-1052,500000074,3999,7
408,MB-1033,500000074,3999,9
409,CC-1023,500000074,1361,8
410,CC-1021,500000074,1144,1
411,EB-1137,500000075,7900,6
412,BX-1013,500000075,449,1
413,EB-1137,500000075,7900,2
414,BX-1014,500000075,799,8
415,HB-1175,500000075,899,6
416,MB-1032,500000075,1299,10
417,MB-1032,500000075,1299,7
418,EB-1131,500000076,1500,10
419,EB-1131,500000076,1500,3
420,EB-1134,500000076,4800,4
421,EB-1131,500000076,1500,10
422,RC-1053,500000076,4599,3
423,RC-1053,500000076,4599,6
424,DB-1081,500000076,1499,5
425,HB-1176,500000077,1199,3
426,EB-1135,500000077,3000,6
427,BX-1012,500000077,399,10
428,RC-1051,500000077,2499,1
429,DB-1082,500000078,1250,8
430,RO-1003,500000078,721,6
431,CB-1163,500000078,288,5
432,RO-1002,500000078,689,5
433,RC-1056,500000078,2499,9
434,CC-1022,500000078,1200,4
435,EB-1137,500000078,7900,1
436,EB-1137,500000078,7900,1
437,RC-1054,500000079,5499,6
438,CC-1022,500000079,1200,5
439,RC-1055,500000079,1999,8
440,HB-1173,500000079,649,4
441,HB-1172,500000079,799,2
442,CC-1022,500000080,1200,6
443,EB-1131,500000080,1500,6
444,RC-1055,500000080,1999,5
445,RC-1053,500000080,4599,9
446,MB-1034,500000080,2499,1
447,HB-1171,500000080,699,8
448,CB-1162,500000080,400,9
449,EB-1133,500000080,2250,2
450,MB-1033,500000080,3999,5
451,HB-1172,500000081,799,5
452,EB-1132,500000081,1900,9
453,BX-1016,500000081,319,3
454,CB-1161,500000081,399,7
455,RC-1052,500000082,3999,1
456,DB-1083,500000082,1199,6
457,BX-1013,500000082,449,4
458,RO-1002,500000083,689,8
459,CC-1023,500000083,1361,10
460,RC-1056,500000083,2499,4
461,HB-1173,500000084,649,1
462,BX-1013,500000084,449,1
463,BX-1013,500000084,449,10
464,MB-1033,500000084,3999,7
465,RO-1001,500000084,525,8
466,RC-1057,500000084,4999,2
467,DB-1083,500000084,1199,2
468,EB-1133,500000084,2250,2
469,CC-1023,500000084,1361,8
470,RC-1054,500000084,5499,4
471,CC-1022,500000085,1200,8
472,HB-1174,500000085,379,1
473,EB-1134,500000085,4800,7
474,BX-1014,500000085,799,6
475,RC-1052,500000086,3999,4
476,RO-1001,500000086,525,10
477,BX-1013,500000086,449,1
478,EB-1134,500000087,4800,5
479,MB-1033,500000087,3999,10
480,BX-1011,500000087,249,3
481,CC-1023,500000087,1361,1
482,RO-1002,500000087,689,2
483,BX-1014,500000087,799,1
484,BX-1015,500000087,299,6
485,BX-1015,500000087,299,1
486,HB-1176,500000088,1199,8
487,EB-1136,500000088,5000,4
488,CB-1163,500000088,288,2
489,CB-1162,500000088,400,7
490,EB-1132,500000088,1900,10
491,DB-1081,500000088,1499,10
492,BX-1015,500000088,299,8
493,RC-1053,500000088,4599,1
494,RC-1055,500000089,1999,6
495,EB-1133,500000089,2250,2
496,RC-1056,500000089,2499,10
497,DB-1082,500000090,1250,6
498,RC-1053,500000090,4599,9
499,RO-1003,500000090,721,9
500,HB-1176,500000090,1199,7
501,RC-1056,500000090,2499,9
502,EB-1132,500000091,1900,3
503,MB-1034,500000091,2499,9
504,HB-1175,500000092,899,9
505,HB-1173,500000092,649,2
506,HB-1172,500000092,799,8
507,MB-1031,500000092,649,5
508,MB-1032,500000092,1299,1
509,DB-1081,500000092,1499,3
510,RC-1051,500000092,2499,4
511,BX-1012,500000092,399,8
512,BX-1013,500000092,449,10
513,HB-1174,500000093,379,10
514,RC-1056,500000093,2499,8
515,HB-1176,500000093,1199,6
516,DB-1083,500000093,1199,7
517,MB-1032,500000093,1299,3
518,BX-1013,500000094,449,3
519,RC-1056,500000094,2499,10
520,BX-1016,500000095,319,5
521,MB-1033,500000095,3999,2
522,RC-1057,500000096,4999,7
523,MB-1033,500000096,3999,2
524,RC-1057,500000096,4999,8
525,BX-1011,500000096,249,7
526,BX-1011,500000096,249,5
527,CB-1162,500000096,400,4
528,RO-1001,500000096,525,10
529,BX-1013,500000096,449,9
530,BX-1013,500000096,449,1
531,RC-1056,500000097,2499,5
532,EB-1132,500000097,1900,8
533,MB-1033,500000097,3999,5
534,MB-1031,500000097,649,9
535,BX-1015,500000097,299,10
536,HB-1171,500000097,699,4
537,EB-1133,500000098,2250,10
538,MB-1033,500000098,3999,1
539,BX-1013,500000098,449,9
540,BX-1015,500000098,299,9
541,CB-1163,500000098,288,3
542,RC-1051,500000098,2499,8
543,EB-1136,500000098,5000,8
544,EB-1132,500000098,1900,5
545,CC-1023,500000098,1361,2
546,HB-1173,500000098,649,5
547,CC-1023,500000099,1361,7
548,EB-1135,500000099,3000,7
549,CB-1162,500000099,400,4
550,CC-1021,500000099,1144,8
551,CB-1161,500000100,399,9
552,HB-1171,500000100,699,3
553,CB-1163,500000100,288,4
554,CC-1022,500000100,1200,6
555,CC-1023,500000100,1361,1
556,RO-1002,500000100,689,5
557,DB-1083,500000100,1199,8
558,RC-1054,500000100,5499,2
559,EB-1134,500000100,4800,2
560,BX-1014,500000100,799,6
561,RO-1003,500000101,721,3
562,RC-1056,500000101,2499,6
563,CC-1021,500000101,1144,4
564,RO-1001,500000101,525,9
565,HB-1176,500000101,1199,5
566,CB-1162,500000101,400,6
567,DB-1083,500000101,1199,9
568,BX-1016,500000101,319,3
569,BX-1014,500000102,799,9
570,CC-1021,500000103,1144,4
571,RO-1001,500000103,525,8
572,RC-1057,500000103,4999,7
573,CC-1022,500000103,1200,6
574,BX-1011,500000103,249,8
575,RC-1053,500000103,4599,6
576,BX-1011,500000103,249,1
577,HB-1173,500000103,649,6
578,MB-1033,500000103,3999,3
579,RO-1001,500000104,525,1
580,MB-1034,500000104,2499,5
581,BX-1013,500000104,449,10
582,RC-1052,500000105,3999,10
583,HB-1172,500000105,799,9
584,MB-1033,500000105,3999,2
585,RO-1003,500000106,721,7
586,DB-1081,500000106,1499,3
587,DB-1081,500000106,1499,3
588,EB-1135,500000106,3000,6
589,HB-1174,500000106,379,7
590,CC-1022,500000106,1200,8
591,RC-1051,500000107,2499,8
592,DB-1082,500000107,1250,1
593,RO-1002,500000107,689,5
594,EB-1135,500000107,3000,10
595,RC-1057,500000107,4999,3
596,BX-1013,500000107,449,8
597,BX-1016,500000107,319,2
598,BX-1015,500000107,299,3
599,RC-1055,500000107,1999,6
600,MB-1032,500000108,1299,7
601,BX-1014,500000108,799,7
602,BX-1013,500000108,449,8
603,BX-1012,500000108,399,4
604,BX-1015,500000108,299,1
605,MB-1034,500000108,2499,4
606,HB-1172,500000108,799,2
607,RC-1055,500000108,1999,4
608,CC-1023,500000108,1361,10
609,EB-1133,500000108,2250,1
610,RC-1054,500000109,5499,6
611,RC-1054,500000109,5499,4
612,EB-1134,500000110,4800,7
613,RC-1056,500000110,2499,3
614,MB-1033,500000110,3999,6
615,CB-1163,500000111,288,10
616,BX-1011,500000111,249,8
617,EB-1134,500000111,4800,2
618,RC-1055,500000111,1999,8
619,HB-1173,500000112,649,10
620,DB-1082,500000112,1250,7
621,BX-1013,500000112,449,5
622,DB-1082,500000112,1250,5
623,RC-1054,500000112,5499,2
624,MB-1033,500000112,3999,4
625,CB-1163,500000112,288,7
626,EB-1134,500000112,4800,1
627,CC-1023,500000112,1361,3
628,CB-1163,500000112,288,2
629,RC-1057,500000113,4999,10
630,BX-1013,500000113,449,7
631,RC-1052,500000113,3999,7
632,CB-1161,500000113,399,3
633,RC-1057,500000113,4999,2
634,EB-1135,500000113,3000,5
635,DB-1082,500000114,1250,5
636,RO-1003,500000114,721,10
637,BX-1013,500000114,449,3
638,RC-1054,500000115,5499,10
639,CC-1021,500000115,1144,3
640,EB-1134,500000115,4800,3
641,BX-1016,500000115,319,9
642,HB-1173,500000116,649,4
643,BX-1013,500000116,449,4
644,MB-1034,500000117,2499,5
645,MB-1031,500000118,649,3
646,BX-1015,500000118,299,4
647,BX-1013,500000118,449,1
648,RC-1056,500000118,2499,7
649,MB-1031,500000118,649,8
650,CC-1023,500000118,1361,10
651,HB-1172,500000118,799,8
652,EB-1131,500000118,1500,3
653,CC-1023,500000118,1361,5
654,EB-1135,500000118,3000,3
655,RC-1055,500000119,1999,2
656,RC-1051,500000119,2499,7
657,BX-1014,500000119,799,1
658,EB-1132,500000119,1900,8
659,CB-1163,500000119,288,7
660,RC-1053,500000119,4599,7
661,RC-1053,500000120,4599,8
662,RC-1052,500000120,3999,1
663,RO-1003,500000120,721,1
664,RC-1057,500000120,4999,6
665,RC-1055,500000120,1999,5
666,HB-1172,500000121,799,2
667,BX-1012,500000121,399,1
668,BX-1016,500000121,319,4
669,CC-1022,500000121,1200,3
670,EB-1136,500000121,5000,8
671,HB-1176,500000121,1199,7
672,CB-1163,500000122,288,8
673,HB-1174,500000122,379,1
674,RC-1052,500000122,3999,2
675,DB-1081,500000122,1499,8
676,HB-1171,500000122,699,1
677,DB-1082,500000122,1250,2
678,RO-1003,500000122,721,3
679,BX-1012,500000122,399,7
680,BX-1013,500000122,449,10
681,BX-1015,500000123,299,9
682,DB-1081,500000123,1499,4
683,MB-1033,500000123,3999,1
684,BX-1015,500000123,299,2
685,EB-1131,500000123,1500,3
686,CC-1022,500000123,1200,8
687,MB-1031,500000123,649,7
688,MB-1033,500000123,3999,3
689,RC-1051,500000124,2499,6
690,EB-1134,500000124,4800,1
691,DB-1081,500000124,1499,5
692,DB-1082,500000124,1250,10
693,EB-1131,500000124,1500,6
694,EB-1133,500000124,2250,10
695,HB-1176,500000125,1199,2
696,CB-1162,500000125,400,7
697,EB-1134,500000125,4800,3
698,MB-1034,500000125,2499,5
699,EB-1137,500000126,7900,8
700,RO-1003,500000126,721,10
701,BX-1013,500000126,449,5
702,RC-1052,500000126,3999,10
703,EB-1137,500000126,7900,8
704,EB-1131,500000126,1500,8
705,HB-1174,500000126,379,2
706,BX-1011,500000126,249,9
707,BX-1013,500000126,449,7
708,DB-1083,500000127,1199,5
709,RC-1053,500000127,4599,10
710,CC-1023,500000128,1361,2
711,DB-1083,500000128,1199,8
712,DB-1081,500000128,1499,8
713,DB-1082,500000128,1250,1
714,CC-1021,500000128,1144,1
715,BX-1014,500000128,799,3
716,CB-1161,500000129,399,10
717,RC-1053,500000129,4599,6
718,CC-1021,500000129,1144,6
719,CB-1161,500000129,399,1
720,EB-1137,500000129,7900,9
721,EB-1131,500000130,1500,4
722,MB-1033,500000130,3999,2
723,RC-1055,500000130,1999,2
724,MB-1034,500000130,2499,5
725,HB-1176,500000130,1199,3
726,EB-1136,500000130,5000,8
727,BX-1012,500000130,399,6
728,CB-1163,500000130,288,8
729,MB-1033,500000130,3999,8
730,DB-1081,500000131,1499,9
731,MB-1031,500000131,649,2
732,RC-1054,500000131,5499,9
733,CB-1163,500000131,288,6
734,HB-1174,500000131,379,4
735,RO-1001,500000131,525,7
736,EB-1132,500000131,1900,5
737,EB-1131,500000131,1500,2
738,BX-1015,500000131,299,10
739,DB-1081,500000132,1499,5
740,RC-1057,500000132,4999,2
741,DB-1083,500000133,1199,2
742,RO-1003,500000133,721,5
743,DB-1081,500000134,1499,2
744,EB-1136,500000134,5000,4
745,CC-1023,500000134,1361,6
746,BX-1013,500000134,449,5
747,EB-1137,500000135,7900,9
748,RC-1051,500000135,2499,9
749,RC-1055,500000135,1999,4
750,RC-1053,500000135,4599,1
751,HB-1173,500000135,649,7
752,DB-1083,500000135,1199,6
753,MB-1032,500000135,1299,3
754,RO-1001,500000135,525,3
755,MB-1033,500000135,3999,2
756,BX-1013,500000136,449,9
757,EB-1134,500000136,4800,2
758,EB-1134,500000136,4800,4
759,HB-1175,500000136,899,3
760,BX-1012,500000136,399,2
761,BX-1011,500000136,249,10
762,HB-1175,500000136,899,10
763,BX-1015,500000137,299,10
764,HB-1172,500000137,799,4
765,CB-1162,500000137,400,1
766,HB-1174,500000137,379,4
767,MB-1034,500000137,2499,2
768,RO-1001,500000137,525,10
769,CC-1023,500000137,1361,7
770,RC-1054,500000137,5499,5
771,BX-1015,500000138,299,3
772,HB-1173,500000138,649,1
773,RC-1056,500000138,2499,10
774,DB-1083,500000138,1199,10
775,EB-1135,500000138,3000,10
776,CB-1163,500000138,288,4
777,CB-1162,500000138,400,7
778,CC-1021,500000138,1144,7
779,BX-1013,500000138,449,3
780,RC-1053,500000139,4599,10
781,BX-1016,500000139,319,6
782,HB-1171,500000139,699,1
783,HB-1171,500000139,699,1
784,HB-1174,500000139,379,6
785,RC-1055,500000140,1999,6
786,EB-1136,500000140,5000,5
787,BX-1013,500000140,449,3
788,RC-1057,500000140,4999,6
789,HB-1176,500000140,1199,5
790,HB-1176,500000140,1199,7
791,HB-1171,500000140,699,2
792,EB-1133,500000140,2250,7
793,HB-1175,500000141,899,6
794,HB-1175,500000141,899,9
795,HB-1174,500000141,379,2
796,BX-1014,500000141,799,2
797,RO-1002,500000141,689,10
798,CB-1161,500000141,399,6
799,DB-1082,500000141,1250,4
800,BX-1014,500000141,799,7
801,HB-1175,500000141,899,9
802,MB-1031,500000141,649,6
803,MB-1034,500000142,2499,6
804,EB-1132,500000142,1900,9
805,BX-1013,500000142,449,4
806,RO-1001,500000143,525,6
807,RC-1054,500000143,5499,3
808,HB-1174,500000143,379,4
809,HB-1171,500000143,699,1
810,CB-1161,500000144,399,9
811,RC-1051,500000144,2499,9
812,DB-1081,500000144,1499,7
813,EB-1135,500000144,3000,3
814,RC-1053,500000144,4599,1
815,MB-1032,500000144,1299,8
816,HB-1174,500000145,379,7
817,HB-1174,500000145,379,5
818,MB-1033,500000145,3999,9
819,MB-1033,500000146,3999,6
820,RC-1051,500000146,2499,6
821,CB-1163,500000146,288,10
822,RC-1055,500000146,1999,10
823,EB-1134,500000146,4800,4
824,BX-1015,500000146,299,5
825,CC-1021,500000146,1144,6
826,BX-1014,500000146,799,1
827,EB-1137,500000147,7900,2
828,MB-1032,500000147,1299,3
829,RC-1055,500000147,1999,1
830,CB-1162,500000147,400,2
831,EB-1131,500000147,1500,5
832,RC-1053,500000147,4599,3
833,DB-1082,500000147,1250,1
834,BX-1015,500000148,299,9
835,RC-1051,500000148,2499,8
836,MB-1034,500000148,2499,2
837,BX-1015,500000148,299,2
838,EB-1135,500000148,3000,9
839,EB-1137,500000148,7900,5
840,MB-1031,500000148,649,7
841,DB-1083,500000148,1199,8
842,BX-1013,500000148,449,2
843,EB-1131,500000149,1500,9
844,EB-1132,500000149,1900,2
845,CB-1161,500000149,399,9
846,MB-1033,500000149,3999,4
847,CC-1022,500000149,1200,9
848,EB-1136,500000149,5000,3
849,HB-1175,500000150,899,4
850,RO-1001,500000150,525,10
851,RC-1055,500000150,1999,1
852,BX-1015,500000150,299,9
853,BX-1015,500000150,299,2
854,CB-1163,500000150,288,9
855,RO-1001,500000150,525,9
856,DB-1082,500000150,1250,9
857,MB-1033,500000150,3999,10
858,RO-1003,500000151,721,4
859,DB-1083,500000151,1199,10
860,CC-1023,500000152,1361,10
861,HB-1175,500000152,899,7
862,BX-1013,500000152,449,6
863,MB-1032,500000152,1299,5
864,RO-1001,500000152,525,10
865,MB-1031,500000152,649,7
866,CB-1162,500000152,400,2
867,EB-1131,500000152,1500,7
868,CC-1023,500000152,1361,9
869,RC-1055,500000152,1999,1
870,CC-1023,500000153,1361,7
871,EB-1132,500000153,1900,10
872,MB-1034,500000153,2499,3
873,HB-1172,500000153,799,8
874,HB-1171,500000153,699,9
875,CC-1021,500000153,1144,6
876,DB-1081,500000153,1499,4
877,EB-1135,500000153,3000,2
878,BX-1011,500000153,249,2
879,CB-1162,500000153,400,3
880,BX-1011,500000154,249,1
881,RC-1057,500000154,4999,10
882,BX-1013,500000154,449,10
883,DB-1081,500000154,1499,1
884,EB-1137,500000154,7900,1
885,BX-1014,500000154,799,10
886,MB-1034,500000154,2499,5
887,RO-1003,500000154,721,10
888,CC-1023,500000154,1361,9
889,RC-1055,500000154,1999,10
890,BX-1016,500000155,319,9
891,BX-1014,500000155,799,4
892,EB-1134,500000155,4800,10
893,RC-1052,500000155,3999,4
894,RC-1056,500000156,2499,10
895,CB-1161,500000156,399,2
896,EB-1134,500000156,4800,1
897,EB-1135,500000156,3000,9
898,CC-1023,500000156,1361,4
899,EB-1136,500000156,5000,8
900,CC-1021,500000156,1144,5
901,EB-1132,500000157,1900,7
902,HB-1171,500000157,699,6
903,DB-1082,500000157,1250,10
904,BX-1011,500000157,249,10
905,RC-1052,500000157,3999,5
906,MB-1033,500000157,3999,8
907,HB-1173,500000157,649,9
908,EB-1132,500000157,1900,5
909,RO-1001,500000157,525,8
910,BX-1013,500000157,449,3
911,MB-1033,500000158,3999,7
912,RC-1055,500000158,1999,4
913,CC-1023,500000158,1361,3
914,RC-1057,500000158,4999,8
915,BX-1011,500000159,249,7
916,CC-1023,500000159,1361,8
917,EB-1137,500000159,7900,5
918,CB-1161,500000160,399,1
919,DB-1083,500000160,1199,6
920,EB-1134,500000160,4800,9
921,RO-1001,500000160,525,7
922,HB-1176,500000161,1199,5
923,MB-1031,500000161,649,6
924,RC-1054,500000162,5499,2
925,RC-1056,500000162,2499,7
926,BX-1013,500000162,449,2
927,MB-1034,500000163,2499,8
928,EB-1133,500000163,2250,3
929,BX-1016,500000163,319,6
930,HB-1173,500000163,649,3
931,EB-1135,500000163,3000,5
932,HB-1173,500000163,649,6
933,DB-1083,500000163,1199,8
934,RC-1055,500000164,1999,7
935,EB-1132,500000164,1900,9
936,CC-1023,500000164,1361,1
937,BX-1012,500000164,399,2
938,MB-1031,500000165,649,3
939,EB-1134,500000165,4800,9
940,RC-1055,500000165,1999,6
941,BX-1015,500000165,299,2
942,RC-1052,500000165,3999,3
943,HB-1173,500000165,649,4
944,CB-1161,500000165,399,1
945,EB-1133,500000165,2250,7
946,MB-1033,500000165,3999,6
947,CC-1021,500000166,1144,2
948,BX-1012,500000166,399,1
949,DB-1081,500000166,1499,8
950,RC-1054,500000166,5499,10
951,EB-1134,500000166,4800,1
952,HB-1173,500000166,649,4
953,MB-1034,500000167,2499,8
954,DB-1083,500000167,1199,3
955,HB-1175,500000168,899,8
956,EB-1137,500000168,7900,7
957,EB-1134,500000168,4800,8
958,HB-1176,500000168,1199,9
959,BX-1013,500000168,449,2
960,CC-1022,500000168,1200,8
961,BX-1013,500000168,449,9
962,BX-1011,500000169,249,5
963,HB-1173,500000170,649,3
964,BX-1011,500000170,249,1
965,EB-1134,500000170,4800,5
966,EB-1134,500000170,4800,7
967,RC-1052,500000171,3999,10
968,BX-1011,500000171,249,2
969,BX-1014,500000171,799,3
970,CB-1163,500000171,288,7
971,HB-1175,500000171,899,2
972,HB-1171,500000171,699,4
973,EB-1137,500000171,7900,8
974,BX-1013,500000171,449,8
975,RC-1057,500000171,4999,7
976,BX-1015,500000171,299,9
977,DB-1082,500000172,1250,8
978,BX-1011,500000172,249,7
979,EB-1134,500000172,4800,9
980,RC-1055,500000172,1999,7
981,RC-1057,500000172,4999,8
982,BX-1015,500000172,299,7
983,HB-1175,500000172,899,1
984,HB-1171,500000172,699,10
985,BX-1013,500000172,449,4
986,RC-1053,500000173,4599,1
987,RC-1055,500000173,1999,6
988,EB-1132,500000173,1900,2
989,BX-1016,500000173,319,7
990,EB-1131,500000173,1500,2
991,MB-1031,500000173,649,5
992,HB-1172,500000174,799,1
993,RO-1003,500000174,721,5
994,CB-1163,500000174,288,4
995,RC-1052,500000174,3999,9
996,RO-1002,500000174,689,3
997,CB-1162,500000174,400,2
998,CC-1023,500000174,1361,9
999,EB-1137,500000174,7900,8
1000,RC-1052,500000175,3999,4
1001,EB-1137,500000175,7900,1
1002,RC-1052,500000175,3999,6
1003,EB-1134,500000175,4800,3
1004,DB-1082,500000175,1250,10
1005,EB-1136,500000175,5000,6
1006,EB-1131,500000176,1500,3
1007,RC-1056,500000176,2499,2
1008,CB-1163,500000176,288,1
1009,BX-1016,500000176,319,1
1010,RC-1057,500000176,4999,3
1011,RC-1056,500000176,2499,7
1012,BX-1014,500000176,799,4
1013,EB-1136,500000176,5000,1
1014,RC-1051,500000177,2499,5
1015,HB-1171,500000177,699,6
1016,DB-1083,500000177,1199,5
1017,HB-1175,500000177,899,8
1018,EB-1134,500000177,4800,3
1019,MB-1034,500000178,2499,10
1020,EB-1136,500000178,5000,10
1021,EB-1134,500000178,4800,10
1022,RC-1054,500000178,5499,7
1023,MB-1033,500000178,3999,1
1024,BX-1016,500000178,319,5
1025,MB-1031,500000178,649,10
1026,MB-1032,500000179,1299,6
1027,EB-1136,500000180,5000,3
1028,DB-1082,500000180,1250,7
1029,BX-1013,500000180,449,3
1030,RO-1003,500000180,721,7
1031,HB-1174,500000180,379,7
1032,MB-1033,500000180,3999,7
1033,EB-1136,500000180,5000,8
1034,CB-1161,500000180,399,10
1035,BX-1012,500000181,399,2
1036,DB-1082,500000181,1250,1
1037,DB-1083,500000181,1199,7
1038,CC-1022,500000181,1200,7
1039,BX-1015,500000182,299,4
1040,HB-1172,500000182,799,3
1041,BX-1013,500000182,449,10
1042,RC-1055,500000182,1999,1
1043,RC-1056,500000182,2499,5
1044,BX-1012,500000182,399,5
1045,DB-1082,500000182,1250,3
1046,CB-1163,500000182,288,6
1047,CC-1023,500000182,1361,5
1048,CB-1163,500000182,288,4
1049,HB-1174,500000183,379,3
1050,HB-1173,500000183,649,9
1051,EB-1134,500000183,4800,7
1052,CB-1163,500000183,288,5
1053,EB-1134,500000183,4800,8
1054,BX-1013,500000183,449,1
1055,MB-1032,500000183,1299,1
1056,RC-1052,500000184,3999,5
1057,MB-1032,500000184,1299,7
1058,CC-1023,500000184,1361,10
1059,EB-1132,500000184,1900,7
1060,EB-1131,500000185,1500,1
1061,CB-1161,500000185,399,6
1062,RC-1055,500000185,1999,3
1063,BX-1013,500000185,449,1
1064,EB-1135,500000185,3000,1
1065,EB-1131,500000185,1500,7
1066,CB-1161,500000185,399,9
1067,BX-1013,500000185,449,8
1068,MB-1033,500000185,3999,10
1069,CB-1163,500000186,288,6
1070,RC-1051,500000186,2499,7
1071,CC-1023,500000186,1361,9
1072,MB-1034,500000186,2499,6
1073,RO-1003,500000187,721,6
1074,RO-1001,500000187,525,5
1075,HB-1175,500000188,899,1
1076,BX-1016,500000188,319,3
1077,BX-1013,500000188,449,3
1078,BX-1015,500000189,299,9
1079,MB-1032,500000189,1299,1
1080,BX-1011,500000190,249,3
1081,BX-1014,500000190,799,10
1082,BX-1015,500000191,299,9
1083,RO-1003,500000191,721,2
1084,CB-1162,500000191,400,9
1085,EB-1131,500000191,1500,8
1086,RO-1003,500000191,721,2
1087,BX-1016,500000191,319,5
1088,HB-1171,500000191,699,7
1089,BX-1011,500000191,249,2
1090,CC-1021,500000192,1144,7
1091,EB-1137,500000192,7900,10
1092,RC-1052,500000192,3999,5
1093,MB-1033,500000192,3999,8
1094,HB-1173,500000192,649,2
1095,RC-1054,500000193,5499,4
1096,EB-1134,500000193,4800,4
1097,RC-1055,500000193,1999,10
1098,HB-1175,500000193,899,5
1099,DB-1083,500000193,1199,3
1100,CB-1163,500000193,288,5
1101,BX-1014,500000193,799,5
1102,RC-1056,500000193,2499,3
1103,HB-1176,500000194,1199,7
1104,EB-1136,500000195,5000,3
1105,EB-1131,500000195,1500,8
1106,EB-1137,500000195,7900,3
1107,EB-1131,500000195,1500,7
1108,DB-1082,500000195,1250,4
1109,RO-1002,500000195,689,4
1110,MB-1034,500000195,2499,1
1111,CB-1163,500000196,288,1
1112,RC-1057,500000196,4999,8
1113,BX-1013,500000196,449,9
1114,DB-1083,500000196,1199,1
1115,CB-1163,500000196,288,8
1116,RC-1056,500000196,2499,4
1117,BX-1012,500000196,399,9
1118,RO-1001,500000196,525,10
1119,CC-1023,500000196,1361,7
1120,BX-1013,500000196,449,7
1121,DB-1081,500000197,1499,4
1122,CB-1161,500000198,399,4
1123,RC-1056,500000198,2499,8
1124,EB-1134,500000198,4800,8
1125,HB-1172,500000198,799,6
1126,BX-1014,500000198,799,1
1127,BX-1015,500000198,299,4
1128,CC-1021,500000198,1144,2
1129,CC-1021,500000199,1144,3
1130,CC-1021,500000199,1144,9
1131,BX-1012,500000200,399,5
1132,HB-1171,500000200,699,8
1133,MB-1033,500000200,3999,7
1134,RC-1054,500000201,5499,4
1135,DB-1083,500000201,1199,4
1136,CB-1163,500000201,288,7
1137,BX-1015,500000201,299,9
1138,DB-1082,500000202,1250,5
1139,MB-1032,500000202,1299,5
1140,RC-1055,500000202,1999,4
1141,RC-1053,500000202,4599,8
1142,EB-1132,500000202,1900,9
1143,RO-1002,500000202,689,2
1144,BX-1011,500000202,249,6
1145,HB-1171,500000202,699,4
1146,BX-1013,500000202,449,4
1147,BX-1015,500000203,299,6
1148,CB-1161,500000203,399,5
1149,BX-1015,500000203,299,6
1150,EB-1133,500000203,2250,10
1151,MB-1032,500000203,1299,5
1152,RC-1056,500000203,2499,5
1153,HB-1176,500000203,1199,9
1154,DB-1081,500000204,1499,3
1155,DB-1083,500000204,1199,10
1156,DB-1081,500000204,1499,7
1157,CB-1161,500000204,399,10
1158,RC-1056,500000204,2499,3
1159,HB-1174,500000204,379,8
1160,RC-1057,500000205,4999,5
1161,HB-1175,500000205,899,6
1162,EB-1137,500000205,7900,5
1163,EB-1131,500000205,1500,8
1164,RC-1057,500000205,4999,8
1165,DB-1081,500000205,1499,2
1166,EB-1131,500000205,1500,2
1167,RC-1052,500000206,3999,5
1168,RO-1002,500000206,689,9
1169,RC-1052,500000206,3999,7
1170,EB-1137,500000206,7900,10
1171,HB-1174,500000206,379,3
1172,CC-1021,500000207,1144,3
1173,RC-1051,500000207,2499,4
1174,EB-1132,500000207,1900,7
1175,HB-1174,500000207,379,10
1176,BX-1014,500000207,799,9
1177,EB-1133,500000207,2250,9
1178,HB-1176,500000207,1199,4
1179,EB-1131,500000208,1500,3
1180,BX-1011,500000208,249,2
1181,DB-1081,500000208,1499,10
1182,HB-1172,500000208,799,7
1183,EB-1137,500000208,7900,6
1184,HB-1175,500000208,899,1
1185,RO-1003,500000209,721,7
1186,EB-1136,500000209,5000,3
1187,DB-1083,500000209,1199,6
1188,EB-1136,500000209,5000,6
1189,BX-1011,500000209,249,5
1190,HB-1172,500000209,799,6
1191,RO-1001,500000209,525,9
1192,RC-1051,500000209,2499,10
1193,EB-1135,500000210,3000,3
1194,BX-1015,500000210,299,2
1195,EB-1137,500000210,7900,4
1196,CB-1163,500000210,288,8
1197,BX-1016,500000210,319,7
1198,CB-1163,500000210,288,7
1199,RC-1055,500000210,1999,8
1200,RO-1001,500000211,525,9
1201,BX-1011,500000211,249,10
1202,BX-1016,500000211,319,9
1203,HB-1172,500000211,799,7
1204,EB-1132,500000211,1900,8
1205,MB-1032,500000211,1299,3
1206,CB-1162,500000211,400,5
1207,RO-1002,500000211,689,7
1208,HB-1176,500000212,1199,4
1209,EB-1132,500000212,1900,7
1210,RC-1052,500000212,3999,4
1211,EB-1132,500000212,1900,1
1212,RC-1054,500000212,5499,3
1213,CC-1023,500000213,1361,2
1214,RC-1057,500000213,4999,8
1215,HB-1174,500000213,379,8
1216,CB-1163,500000213,288,3
1217,MB-1034,500000213,2499,9
1218,EB-1134,500000214,4800,4
1219,MB-1031,500000214,649,2
1220,EB-1134,500000214,4800,6
1221,CC-1021,500000214,1144,9
1222,DB-1083,500000214,1199,2
1223,CC-1022,500000214,1200,9
1224,DB-1081,500000214,1499,4
1225,MB-1033,500000215,3999,4
1226,RO-1002,500000215,689,6
1227,CB-1163,500000215,288,2
1228,BX-1013,500000215,449,8
1229,HB-1174,500000215,379,2
1230,MB-1032,500000215,1299,7
1231,EB-1136,500000215,5000,5
1232,HB-1171,500000215,699,2
1233,EB-1134,500000215,4800,4
1234,MB-1034,500000215,2499,4
1235,EB-1137,500000216,7900,5
1236,MB-1033,500000216,3999,3
1237,DB-1082,500000216,1250,10
1238,BX-1016,500000216,319,3
1239,RO-1002,500000216,689,5
1240,HB-1171,500000216,699,7
1241,BX-1013,500000216,449,5
1242,RC-1056,500000216,2499,3
1243,BX-1013,500000216,449,1
1244,MB-1031,500000217,649,5
1245,HB-1175,500000217,899,6
1246,EB-1135,500000217,3000,7
1247,EB-1136,500000217,5000,10
1248,MB-1031,500000218,649,2
1249,RC-1057,500000218,4999,7
1250,EB-1134,500000218,4800,2
1251,RC-1051,500000218,2499,5
1252,MB-1031,500000218,649,8
1253,CC-1023,500000218,1361,4
1254,DB-1083,500000218,1199,7
1255,BX-1015,500000219,299,10
1256,DB-1081,500000219,1499,4
1257,BX-1011,500000220,249,9
1258,DB-1083,500000221,1199,4
1259,EB-1133,500000221,2250,5
1260,RC-1057,500000221,4999,6
1261,RO-1003,500000221,721,7
1262,CC-1023,500000221,1361,3
1263,BX-1012,500000221,399,8
1264,MB-1031,500000221,649,3
1265,CC-1021,500000221,1144,10
1266,HB-1173,500000221,649,2
1267,CC-1023,500000221,1361,3
1268,EB-1136,500000222,5000,10
1269,RO-1003,500000222,721,9
1270,BX-1013,500000222,449,3
1271,MB-1031,500000222,649,3
1272,BX-1012,500000222,399,7
1273,RC-1051,500000222,2499,3
1274,RC-1052,500000222,3999,10
1275,EB-1136,500000222,5000,4
1276,CC-1023,500000222,1361,1
1277,EB-1136,500000222,5000,5
1278,RO-1003,500000223,721,8
1279,RC-1054,500000223,5499,1
1280,HB-1173,500000223,649,5
1281,RC-1054,500000223,5499,3
1282,RO-1002,500000223,689,3
1283,BX-1011,500000224,249,5
1284,HB-1171,500000224,699,5
1285,RC-1052,500000224,3999,3
1286,BX-1014,500000224,799,3
1287,RO-1003,500000224,721,9
1288,RO-1002,500000225,689,1
1289,RC-1055,500000225,1999,8
1290,CB-1163,500000225,288,7
1291,RC-1055,500000225,1999,3
1292,RO-1003,500000225,721,4
1293,BX-1016,500000225,319,7
1294,CC-1021,500000225,1144,5
1295,BX-1014,500000225,799,10
1296,EB-1134,500000225,4800,7
1297,MB-1033,500000225,3999,9
1298,EB-1132,500000226,1900,3
1299,HB-1173,500000226,649,6
1300,BX-1013,500000226,449,1
1301,CC-1022,500000227,1200,8
1302,HB-1174,500000228,379,4
1303,RC-1055,500000228,1999,8
1304,RC-1052,500000228,3999,6
1305,DB-1083,500000228,1199,9
1306,EB-1132,500000228,1900,5
1307,BX-1015,500000229,299,2
1308,HB-1174,500000229,379,2
1309,CC-1021,500000230,1144,5
1310,BX-1011,500000230,249,8
1311,RC-1052,500000230,3999,6
1312,HB-1175,500000230,899,8
1313,EB-1136,500000230,5000,4
1314,CC-1022,500000230,1200,6
1315,HB-1174,500000231,379,1
1316,HB-1171,500000231,699,10
1317,MB-1032,500000231,1299,4
1318,BX-1012,500000231,399,1
1319,HB-1176,500000231,1199,10
1320,HB-1171,500000231,699,2
1321,RC-1055,500000231,1999,3
1322,CC-1023,500000231,1361,10
1323,HB-1172,500000231,799,10
1324,HB-1173,500000232,649,8
1325,MB-1032,500000232,1299,1
1326,BX-1013,500000232,449,6
1327,EB-1135,500000232,3000,2
1328,RO-1002,500000232,689,8
1329,CB-1163,500000232,288,1
1330,HB-1174,500000232,379,10
1331,HB-1171,500000232,699,2
1332,CC-1023,500000232,1361,5
1333,MB-1032,500000232,1299,8
1334,CB-1161,500000233,399,7
1335,RO-1002,500000233,689,5
1336,HB-1175,500000233,899,2
1337,EB-1134,500000233,4800,1
1338,EB-1136,500000234,5000,5
1339,CB-1161,500000234,399,2
1340,CB-1163,500000234,288,3
1341,CC-1023,500000234,1361,1
1342,HB-1174,500000234,379,6
1343,MB-1031,500000234,649,4
1344,RC-1054,500000234,5499,2
1345,RC-1052,500000234,3999,2
1346,CC-1021,500000235,1144,5
1347,BX-1015,500000235,299,5
1348,BX-1013,500000235,449,5
1349,BX-1011,500000235,249,4
1350,EB-1137,500000235,7900,6
1351,MB-1031,500000235,649,4
1352,EB-1131,500000235,1500,8
1353,DB-1082,500000235,1250,2
1354,DB-1081,500000236,1499,4
1355,DB-1081,500000236,1499,6
1356,CC-1022,500000236,1200,1
1357,EB-1135,500000236,3000,1
1358,RC-1053,500000236,4599,5
1359,RO-1003,500000236,721,9
1360,RO-1001,500000236,525,9
1361,EB-1136,500000236,5000,4
1362,BX-1013,500000236,449,7
1363,BX-1012,500000237,399,3
1364,RC-1055,500000237,1999,5
1365,RC-1057,500000237,4999,3
1366,HB-1173,500000237,649,8
1367,EB-1132,500000237,1900,2
1368,DB-1082,500000238,1250,7
1369,BX-1012,500000238,399,9
1370,MB-1033,500000238,3999,5
1371,HB-1174,500000238,379,5
1372,CB-1163,500000238,288,10
1373,RO-1003,500000238,721,1
1374,RO-1002,500000238,689,4
1375,RC-1054,500000238,5499,1
1376,BX-1013,500000238,449,7
1377,BX-1013,500000239,449,8
1378,DB-1081,500000239,1499,10
1379,HB-1171,500000239,699,10
1380,EB-1136,500000239,5000,2
1381,BX-1016,500000239,319,9
1382,CB-1162,500000239,400,10
1383,RC-1057,500000239,4999,6
1384,RC-1057,500000239,4999,5
1385,DB-1082,500000239,1250,1
1386,RC-1057,500000239,4999,7
1387,DB-1082,500000240,1250,9
1388,DB-1082,500000240,1250,5
1389,EB-1134,500000240,4800,7
1390,BX-1015,500000240,299,3
1391,MB-1031,500000241,649,10
1392,MB-1033,500000241,3999,10
1393,HB-1174,500000241,379,1
1394,RO-1002,500000241,689,9
1395,RC-1051,500000241,2499,5
1396,EB-1131,500000241,1500,7
1397,RC-1052,500000241,3999,9
1398,DB-1083,500000241,1199,4
1399,RC-1055,500000242,1999,1
1400,EB-1133,500000242,2250,3
1401,EB-1134,500000242,4800,3
1402,EB-1137,500000242,7900,8
1403,BX-1011,500000242,249,5
1404,RC-1054,500000242,5499,10
1405,RC-1054,500000242,5499,9
1406,RO-1001,500000243,525,9
1407,RC-1054,500000243,5499,9
1408,BX-1012,500000243,399,6
1409,HB-1171,500000243,699,5
1410,HB-1174,500000243,379,9
1411,BX-1014,500000243,799,7
1412,EB-1137,500000244,7900,9
1413,RC-1053,500000244,4599,6
1414,BX-1013,500000244,449,10
1415,EB-1137,500000244,7900,5
1416,CC-1022,500000244,1200,3
1417,BX-1016,500000244,319,1
1418,DB-1083,500000244,1199,2
1419,HB-1175,500000244,899,3
1420,CC-1023,500000244,1361,10
1421,BX-1013,500000244,449,1
1422,CC-1022,500000245,1200,5
1423,RC-1054,500000245,5499,2
1424,CC-1023,500000246,1361,10
1425,CC-1022,500000246,1200,1
1426,MB-1033,500000247,3999,9
1427,EB-1131,500000247,1500,5
1428,RO-1002,500000248,689,2
1429,EB-1135,500000248,3000,7
1430,CC-1021,500000249,1144,4
1431,HB-1172,500000249,799,10
1432,RO-1002,500000249,689,1
1433,BX-1013,500000249,449,10
1434,HB-1173,500000249,649,4
1435,HB-1171,500000249,699,8
1436,EB-1137,500000249,7900,7
1437,RC-1056,500000249,2499,7
1438,BX-1015,500000249,299,10
1439,HB-1173,500000249,649,1
1440,RC-1053,500000250,4599,7
1441,EB-1136,500000250,5000,8
1442,RC-1052,500000250,3999,1
1443,EB-1136,500000250,5000,1
1444,CB-1161,500000250,399,7
1445,EB-1131,500000250,1500,8
1446,MB-1034,500000251,2499,6
1447,EB-1134,500000251,4800,3
1448,HB-1172,500000252,799,6
1449,HB-1175,500000252,899,2
1450,BX-1013,500000252,449,5
1451,CB-1162,500000252,400,9
1452,CC-1023,500000252,1361,6
1453,CC-1021,500000252,1144,7
1454,RC-1053,500000252,4599,4
1455,BX-1012,500000252,399,3
1456,CC-1023,500000252,1361,5
1457,EB-1131,500000252,1500,8
1458,CB-1162,500000253,400,5
1459,CC-1022,500000253,1200,10
1460,BX-1011,500000253,249,4
1461,CB-1162,500000253,400,9
1462,CB-1161,500000253,399,8
1463,HB-1174,500000253,379,5
1464,BX-1012,500000254,399,4
1465,RC-1051,500000255,2499,1
1466,MB-1033,500000255,3999,5
1467,RC-1052,500000255,3999,1
1468,EB-1136,500000255,5000,8
1469,CC-1023,500000255,1361,2
1470,DB-1083,500000255,1199,7
1471,RC-1053,500000256,4599,9
1472,EB-1136,500000256,5000,5
1473,EB-1134,500000256,4800,5
1474,MB-1032,500000256,1299,10
1475,MB-1034,500000256,2499,3
1476,MB-1033,500000256,3999,9
1477,MB-1032,500000256,1299,8
1478,RO-1001,500000257,525,3
1479,BX-1014,500000257,799,8
1480,BX-1015,500000257,299,1
1481,CB-1162,500000258,400,10
1482,BX-1014,500000258,799,4
1483,CC-1023,500000258,1361,5
1484,HB-1176,500000258,1199,2
1485,HB-1171,500000259,699,3
1486,RC-1051,500000259,2499,1
1487,DB-1083,500000259,1199,8
1488,RC-1054,500000259,5499,4
1489,BX-1013,500000259,449,4
1490,DB-1081,500000259,1499,7
1491,RC-1054,500000259,5499,1
1492,MB-1033,500000259,3999,4
1493,RO-1003,500000259,721,5
1494,MB-1034,500000260,2499,6
1495,BX-1014,500000260,799,8
1496,CB-1163,500000260,288,3
1497,RC-1052,500000260,3999,10
1498,RC-1056,500000260,2499,2
1499,RC-1056,500000260,2499,2
1500,MB-1033,500000260,3999,4
1501,BX-1011,500000260,249,8
1502,EB-1134,500000260,4800,1
1503,EB-1135,500000260,3000,2
1504,RC-1052,500000261,3999,4
1505,HB-1175,500000261,899,10
1506,HB-1172,500000261,799,2
1507,RC-1057,500000261,4999,2
1508,EB-1135,500000261,3000,2
1509,HB-1176,500000261,1199,5
1510,EB-1132,500000261,1900,2
1511,RC-1053,500000261,4599,1
1512,RC-1054,500000261,5499,4
1513,HB-1173,500000261,649,5
1514,MB-1034,500000262,2499,8
1515,RC-1057,500000262,4999,4
1516,EB-1134,500000262,4800,9
1517,DB-1083,500000262,1199,7
1518,BX-1012,500000262,399,10
1519,CC-1023,500000262,1361,3
1520,MB-1033,500000262,3999,2
1521,RC-1054,500000263,5499,8
1522,BX-1015,500000264,299,4
1523,BX-1013,500000264,449,7
1524,CB-1163,500000264,288,5
1525,CC-1022,500000264,1200,7
1526,EB-1135,500000264,3000,10
1527,RC-1052,500000264,3999,1
1528,EB-1132,500000264,1900,8
1529,CB-1162,500000264,400,3
1530,CB-1163,500000265,288,5
1531,MB-1033,500000265,3999,9
1532,CB-1163,500000265,288,1
1533,RO-1001,500000265,525,7
1534,EB-1137,500000265,7900,2
1535,DB-1081,500000265,1499,5
1536,HB-1173,500000265,649,3
1537,EB-1136,500000265,5000,10
1538,EB-1134,500000265,4800,2
1539,HB-1173,500000265,649,1
1540,RC-1054,500000266,5499,2
1541,RC-1053,500000267,4599,10
1542,HB-1176,500000267,1199,5
1543,MB-1034,500000267,2499,8
1544,RC-1052,500000268,3999,6
1545,RO-1002,500000268,689,7
1546,CB-1163,500000268,288,10
1547,DB-1082,500000268,1250,7
1548,DB-1081,500000268,1499,10
1549,EB-1135,500000268,3000,3
1550,MB-1031,500000268,649,7
1551,HB-1175,500000268,899,3
1552,CC-1022,500000269,1200,6
1553,CC-1021,500000269,1144,1
1554,RC-1052,500000269,3999,2
1555,RC-1056,500000269,2499,1
1556,EB-1136,500000269,5000,3
1557,RC-1055,500000269,1999,9
1558,CC-1023,500000270,1361,7
1559,RC-1055,500000270,1999,4
1560,EB-1137,500000270,7900,10
1561,MB-1032,500000270,1299,7
1562,EB-1133,500000270,2250,5
1563,DB-1081,500000270,1499,10
1564,CB-1162,500000270,400,10
1565,BX-1012,500000271,399,9
1566,CB-1161,500000271,399,7
1567,EB-1137,500000272,7900,1
1568,RO-1002,500000272,689,10
1569,BX-1013,500000272,449,9
1570,MB-1033,500000272,3999,9
1571,DB-1083,500000272,1199,10
1572,RC-1054,500000272,5499,9
1573,HB-1173,500000272,649,7
1574,CB-1163,500000272,288,5
1575,CC-1023,500000272,1361,7
1576,CB-1161,500000272,399,3
1577,EB-1136,500000273,5000,8
1578,RC-1056,500000273,2499,8
1579,RC-1054,500000273,5499,7
1580,BX-1011,500000273,249,7
1581,MB-1032,500000273,1299,4
1582,EB-1137,500000273,7900,6
1583,BX-1011,500000273,249,1
1584,RO-1003,500000274,721,5
1585,BX-1016,500000274,319,3
1586,CB-1163,500000274,288,8
1587,EB-1136,500000274,5000,3
1588,CB-1163,500000274,288,7
1589,HB-1176,500000274,1199,4
1590,EB-1132,500000274,1900,10
1591,RC-1053,500000274,4599,8
1592,BX-1016,500000275,319,10
1593,EB-1132,500000275,1900,3
1594,RO-1003,500000275,721,6
1595,CB-1161,500000275,399,9
1596,EB-1133,500000275,2250,8
1597,MB-1031,500000276,649,10
1598,EB-1134,500000276,4800,9
1599,BX-1013,500000276,449,6
1600,MB-1033,500000276,3999,3
1601,BX-1016,500000276,319,7
1602,BX-1013,500000276,449,6
1603,EB-1132,500000276,1900,7
1604,RC-1057,500000276,4999,5
1605,CC-1023,500000276,1361,9
1606,RC-1055,500000276,1999,3
1607,CB-1162,500000277,400,5
1608,RC-1053,500000277,4599,8
1609,HB-1176,500000277,1199,6
1610,EB-1132,500000278,1900,1
1611,RO-1003,500000278,721,10
1612,CC-1023,500000278,1361,9
1613,BX-1013,500000278,449,4
1614,RO-1003,500000279,721,5
1615,RO-1001,500000279,525,4
1616,RC-1057,500000279,4999,9
1617,EB-1134,500000280,4800,9
1618,HB-1173,500000280,649,6
1619,EB-1137,500000280,7900,1
1620,CB-1161,500000280,399,6
1621,HB-1173,500000280,649,7
1622,HB-1175,500000280,899,7
1623,BX-1012,500000280,399,8
1624,MB-1032,500000281,1299,6
1625,RC-1055,500000281,1999,10
1626,CB-1163,500000281,288,1
1627,BX-1013,500000281,449,10
1628,MB-1034,500000281,2499,4
1629,DB-1081,500000281,1499,1
1630,HB-1174,500000281,379,7
1631,CB-1161,500000281,399,7
1632,RC-1054,500000281,5499,6
1633,EB-1137,500000282,7900,7
1634,EB-1137,500000282,7900,10
1635,CB-1163,500000282,288,8
1636,CC-1023,500000282,1361,1
1637,BX-1015,500000282,299,3
1638,EB-1136,500000282,5000,8
1639,BX-1015,500000282,299,9
1640,HB-1171,500000282,699,2
1641,RO-1002,500000283,689,9
1642,DB-1082,500000284,1250,1
1643,HB-1175,500000284,899,1
1644,EB-1134,500000284,4800,1
1645,CB-1163,500000284,288,10
1646,BX-1015,500000284,299,9
1647,HB-1176,500000284,1199,10
1648,RC-1057,500000284,4999,8
1649,RO-1002,500000285,689,8
1650,MB-1034,500000285,2499,5
1651,EB-1134,500000285,4800,5
1652,RC-1054,500000285,5499,2
1653,MB-1031,500000286,649,4
1654,MB-1031,500000286,649,9
1655,BX-1013,500000286,449,7
1656,CC-1022,500000287,1200,1
1657,BX-1015,500000287,299,5
1658,MB-1033,500000287,3999,2
1659,HB-1176,500000287,1199,9
1660,HB-1175,500000287,899,4
1661,CB-1163,500000287,288,6
1662,HB-1173,500000287,649,8
1663,EB-1137,500000287,7900,1
1664,EB-1137,500000287,7900,5
1665,MB-1034,500000288,2499,10
1666,HB-1176,500000288,1199,3
1667,BX-1012,500000289,399,7
1668,CC-1022,500000289,1200,2
1669,BX-1011,500000289,249,6
1670,CC-1021,500000290,1144,1
1671,EB-1136,500000290,5000,9
1672,RC-1055,500000290,1999,8
1673,EB-1133,500000290,2250,8
1674,DB-1083,500000290,1199,8
1675,CC-1023,500000290,1361,2
1676,BX-1013,500000290,449,1
1677,EB-1133,500000290,2250,6
1678,MB-1033,500000290,3999,6
1679,EB-1136,500000291,5000,3
1680,DB-1083,500000291,1199,10
1681,BX-1014,500000291,799,9
1682,EB-1136,500000291,5000,6
1683,MB-1033,500000291,3999,10
1684,CB-1162,500000291,400,1
1685,CC-1021,500000291,1144,1
1686,HB-1173,500000291,649,6
1687,HB-1172,500000291,799,7
1688,DB-1083,500000292,1199,8
1689,RO-1003,500000292,721,5
1690,BX-1013,500000292,449,2
1691,MB-1031,500000293,649,7
1692,EB-1135,500000293,3000,10
1693,BX-1014,500000293,799,3
1694,RC-1053,500000293,4599,3
1695,RO-1001,500000293,525,7
1696,RC-1055,500000293,1999,9
1697,RC-1055,500000293,1999,10
1698,RC-1052,500000293,3999,3
1699,CB-1161,500000293,399,2
1700,RC-1053,500000293,4599,4
1701,HB-1171,500000294,699,4
1702,BX-1015,500000294,299,6
1703,CB-1163,500000294,288,1
1704,BX-1015,500000294,299,2
1705,RC-1057,500000294,4999,4
1706,DB-1083,500000294,1199,4
1707,EB-1135,500000294,3000,8
1708,RC-1051,500000294,2499,5
1709,BX-1015,500000295,299,6
1710,BX-1014,500000295,799,5
1711,EB-1134,500000295,4800,4
1712,DB-1083,500000295,1199,10
1713,RC-1055,500000296,1999,10
1714,BX-1012,500000296,399,7
1715,RC-1052,500000296,3999,8
1716,CC-1021,500000296,1144,8
1717,RC-1054,500000296,5499,6
1718,EB-1131,500000297,1500,1
1719,EB-1135,500000297,3000,3
1720,BX-1015,500000297,299,8
1721,BX-1011,500000297,249,6
1722,DB-1083,500000297,1199,6
1723,HB-1175,500000297,899,3
1724,CC-1023,500000297,1361,8
1725,MB-1034,500000297,2499,7
1726,EB-1131,500000297,1500,9
1727,CB-1162,500000297,400,6
1728,CC-1022,500000298,1200,8
1729,EB-1131,500000298,1500,1
1730,BX-1013,500000298,449,5
1731,RC-1055,500000299,1999,6
1732,RC-1056,500000299,2499,8
1733,EB-1134,500000299,4800,10
1734,RC-1057,500000299,4999,6
1735,HB-1171,500000299,699,1
1736,MB-1031,500000300,649,7
1737,EB-1135,500000300,3000,9
1738,RC-1055,500000300,1999,2
1739,HB-1173,500000300,649,7
1740,RC-1052,500000300,3999,3
1741,EB-1135,500000300,3000,6
1742,RC-1054,500000300,5499,7
1743,EB-1131,500000300,1500,6
1744,MB-1033,500000300,3999,7
1745,BX-1012,500000301,399,1
1746,BX-1016,500000301,319,1
1747,EB-1133,500000301,2250,9
1748,MB-1032,500000302,1299,1
1749,HB-1173,500000302,649,7
1750,BX-1013,500000302,449,2
1751,EB-1131,500000302,1500,5
1752,CB-1163,500000302,288,6
1753,EB-1134,500000302,4800,5
1754,DB-1083,500000302,1199,7
1755,BX-1016,500000302,319,9
1756,CC-1023,500000302,1361,1
1757,CC-1022,500000302,1200,8
1758,RC-1057,500000303,4999,10
1759,CC-1021,500000303,1144,8
1760,RC-1056,500000303,2499,6
1761,BX-1016,500000304,319,10
1762,RC-1052,500000304,3999,4
1763,EB-1134,500000304,4800,2
1764,RC-1056,500000304,2499,3
1765,DB-1082,500000304,1250,4
1766,RO-1002,500000304,689,8
1767,RC-1057,500000304,4999,9
1768,CC-1021,500000304,1144,3
1769,BX-1013,500000304,449,1
1770,MB-1033,500000305,3999,5
1771,BX-1011,500000305,249,5
1772,EB-1137,500000305,7900,10
1773,RC-1052,500000305,3999,2
1774,MB-1033,500000305,3999,4
1775,RC-1057,500000305,4999,3
1776,EB-1132,500000305,1900,6
1777,RO-1002,500000306,689,6
1778,EB-1132,500000306,1900,10
1779,RC-1052,500000306,3999,5
1780,MB-1034,500000306,2499,4
1781,EB-1137,500000306,7900,5
1782,CC-1022,500000307,1200,1
1783,DB-1083,500000307,1199,7
1784,EB-1137,500000307,7900,5
1785,RC-1055,500000308,1999,7
1786,MB-1034,500000308,2499,9
1787,CB-1163,500000308,288,5
1788,CC-1023,500000308,1361,3
1789,MB-1033,500000308,3999,5
1790,CC-1023,500000308,1361,8
1791,EB-1137,500000308,7900,8
1792,RO-1003,500000308,721,2
1793,EB-1136,500000309,5000,9
1794,RC-1051,500000309,2499,2
1795,HB-1172,500000309,799,7
1796,EB-1131,500000309,1500,3
1797,MB-1031,500000309,649,10
1798,BX-1016,500000309,319,2
1799,EB-1132,500000310,1900,6
1800,RC-1054,500000310,5499,7
1801,DB-1082,500000311,1250,9
1802,CC-1023,500000311,1361,7
1803,EB-1131,500000311,1500,3
1804,CC-1022,500000311,1200,3
1805,EB-1133,500000311,2250,7
1806,MB-1031,500000312,649,10
1807,HB-1175,500000312,899,9
1808,RC-1052,500000312,3999,6
1809,DB-1082,500000312,1250,10
1810,BX-1012,500000312,399,10
1811,HB-1171,500000313,699,7
1812,CB-1162,500000313,400,5
1813,HB-1176,500000313,1199,3
1814,MB-1031,500000313,649,8
1815,HB-1172,500000313,799,4
1816,CC-1023,500000313,1361,4
1817,RC-1056,500000313,2499,10
1818,BX-1011,500000313,249,1
1819,CC-1022,500000313,1200,4
1820,EB-1134,500000313,4800,4
1821,MB-1031,500000314,649,2
1822,CC-1022,500000314,1200,3
1823,BX-1013,500000314,449,7
1824,MB-1031,500000314,649,1
1825,DB-1083,500000314,1199,3
1826,CB-1162,500000314,400,3
1827,CB-1162,500000314,400,10
1828,CB-1162,500000314,400,3
1829,CC-1023,500000314,1361,7
1830,MB-1032,500000314,1299,9
1831,HB-1172,500000315,799,9
1832,RC-1057,500000315,4999,2
1833,EB-1134,500000315,4800,2
1834,RC-1055,500000315,1999,6
1835,CB-1163,500000316,288,10
1836,BX-1011,500000317,249,4
1837,EB-1132,500000317,1900,8
1838,DB-1083,500000318,1199,7
1839,DB-1083,500000318,1199,2
1840,EB-1134,500000318,4800,9
1841,HB-1175,500000318,899,9
1842,RC-1053,500000318,4599,10
1843,DB-1081,500000318,1499,7
1844,HB-1171,500000318,699,8
1845,RC-1054,500000319,5499,8
1846,RC-1056,500000319,2499,2
1847,MB-1031,500000319,649,7
1848,DB-1083,500000320,1199,4
1849,BX-1016,500000320,319,5
1850,BX-1013,500000320,449,8
1851,RO-1001,500000320,525,4
1852,CC-1023,500000320,1361,7
1853,CB-1161,500000320,399,4
1854,CC-1023,500000320,1361,10
1855,RO-1002,500000320,689,1
1856,CC-1022,500000321,1200,7
1857,DB-1081,500000321,1499,10
1858,HB-1172,500000321,799,8
1859,EB-1136,500000321,5000,8
1860,CC-1021,500000321,1144,6
1861,DB-1083,500000321,1199,7
1862,BX-1016,500000321,319,3
1863,EB-1136,500000321,5000,2
1864,BX-1012,500000321,399,7
1865,RC-1057,500000321,4999,5
1866,EB-1131,500000322,1500,7
1867,MB-1032,500000322,1299,4
1868,BX-1013,500000322,449,5
1869,CB-1163,500000322,288,4
1870,HB-1173,500000322,649,7
1871,HB-1172,500000322,799,1
1872,CB-1163,500000322,288,2
1873,HB-1174,500000322,379,1
1874,CC-1023,500000322,1361,8
1875,HB-1171,500000322,699,10
1876,EB-1132,500000323,1900,2
1877,RC-1057,500000323,4999,9
1878,HB-1174,500000323,379,2
1879,EB-1135,500000323,3000,10
1880,EB-1133,500000323,2250,1
1881,BX-1011,500000323,249,9
1882,MB-1033,500000323,3999,4
1883,MB-1034,500000324,2499,4
1884,BX-1016,500000324,319,2
1885,BX-1013,500000324,449,7
1886,MB-1033,500000325,3999,3
1887,RO-1002,500000325,689,4
1888,EB-1137,500000325,7900,8
1889,MB-1032,500000325,1299,2
1890,BX-1012,500000325,399,5
1891,CB-1162,500000325,400,4
1892,RO-1002,500000325,689,5
1893,EB-1136,500000326,5000,10
1894,BX-1016,500000326,319,1
1895,BX-1013,500000326,449,10
1896,BX-1013,500000327,449,5
1897,RO-1002,500000327,689,7
1898,DB-1082,500000327,1250,4
1899,RC-1051,500000327,2499,2
1900,HB-1174,500000328,379,4
1901,EB-1132,500000328,1900,5
1902,RC-1053,500000329,4599,9
1903,BX-1014,500000329,799,1
1904,CC-1022,500000329,1200,7
1905,RC-1053,500000329,4599,3
1906,CC-1023,500000329,1361,9
1907,HB-1173,500000329,649,10
1908,DB-1081,500000329,1499,5
1909,BX-1012,500000330,399,1
1910,CB-1163,500000330,288,8
1911,EB-1137,500000330,7900,4
1912,MB-1032,500000330,1299,8
1913,RC-1057,500000330,4999,8
1914,HB-1171,500000330,699,6
1915,RC-1056,500000330,2499,10
1916,HB-1175,500000331,899,3
1917,RC-1051,500000331,2499,4
1918,HB-1171,500000332,699,10
1919,BX-1011,500000332,249,5
1920,CB-1163,500000332,288,7
1921,CC-1022,500000332,1200,3
1922,BX-1014,500000332,799,9
1923,RC-1052,500000332,3999,9
1924,RC-1055,500000332,1999,4
1925,RC-1054,500000332,5499,1
1926,MB-1031,500000333,649,10
1927,BX-1013,500000333,449,3
1928,EB-1132,500000333,1900,3
1929,BX-1011,500000333,249,5
1930,BX-1015,500000333,299,6
1931,MB-1031,500000334,649,10
1932,BX-1013,500000334,449,3
1933,EB-1132,500000334,1900,3
1934,BX-1011,500000334,249,5
1935,BX-1015,500000334,299,6
